youtube_id,url,title,duration_s
fXVIpXY3rI4,https://www.youtube.com/watch?v=fXVIpXY3rI4,"Ted Ligety Carving Follow Cam | Deer Valley, UT (January 2022)",61
qN2L2YVj45o,https://www.youtube.com/watch?v=qN2L2YVj45o,Follow Cam Carving - Up close like you are there,146
QNkNHEG8qC8,https://www.youtube.com/watch?v=QNkNHEG8qC8,Ted Ligety GS Turns and Angles | Catch me if you can! | Training Follow Cam (2018),57
t36ufnNFSSM,https://www.youtube.com/watch?v=t36ufnNFSSM,Ted Ligety Giant Slalom (GS) Perfect Turns - Skiing Follow Cam (2020),58
-p9ZMvFwanA,https://www.youtube.com/watch?v=-p9ZMvFwanA,GoPro: POV Relaxing Skiing,215
0RrkWEdpA30,https://www.youtube.com/watch?v=0RrkWEdpA30,SKI CARVING SKIING - SLOW MOTION - FOLLOW CAM - HEAD SKI - PASSO SAN PELLEGRINO HD - GOCARV,166
2HbTprcuzzU,https://www.youtube.com/watch?v=2HbTprcuzzU,"Soul Skiing - pure @GoPro  follow cam powder skiing, one take, no cuts, just skiing",168
4EIvtAqjvJY,https://www.youtube.com/watch?v=4EIvtAqjvJY,Alpen Follow Cam GS,312
5SH1-SAkYe0,https://www.youtube.com/watch?v=5SH1-SAkYe0,GoPro RAW: SuperView Skiing,120
61ZQ9G41OaU,https://www.youtube.com/watch?v=61ZQ9G41OaU,GoPro  Grand National Powder 8’s – Looking for a Partner,158
7NKJxhgSLZg,https://www.youtube.com/watch?v=7NKJxhgSLZg,Aggressive Skiing | Chamonix | POV Series #1 | 74_Jordy,439
7xG23hsnD8Q,https://www.youtube.com/watch?v=7xG23hsnD8Q,DEEP Powder | Cliffs | Tricks (GoPro Skiing Season Edit),637
9DZaXVvZTEs,https://www.youtube.com/watch?v=9DZaXVvZTEs,SKI CARVING CARVING SKIING - HEAD SKI - PASSO SAN PELLEGRINO 2022 - DOLOMITI SUPERSKI - gocarv.com,36
9PZ12NqTLXI,https://www.youtube.com/watch?v=9PZ12NqTLXI,GoPro: Andrew Whiteford - Floating on Powder,88
9U_G9HpeQHg,https://www.youtube.com/watch?v=9U_G9HpeQHg,GoPro Followcam Powder Skiing in Gastein with Sandra Lahnsteiner,97
BEW7yEo9gr0,https://www.youtube.com/watch?v=BEW7yEo9gr0,GoPro HD: Skiing The Idaho Powder,309
CwKeTEbF2-k,https://www.youtube.com/watch?v=CwKeTEbF2-k,GoPro powder skiing HD - GoPro skiing with chest mount view.,308
EebH_XMbSzs,https://www.youtube.com/watch?v=EebH_XMbSzs,Ski carved turn follow cam footage of Volkl Deacon 74 Pro 뵐클 디콘 74 프로,93
EkJUD6HwPJ8,https://www.youtube.com/watch?v=EkJUD6HwPJ8,GoPro Grand National Powder 8's,160
FUbWvpSv6LI,https://www.youtube.com/watch?v=FUbWvpSv6LI,My Top 5 Ski Runs | GoPro POV [4K],800
GZbU3zvTTG8,https://www.youtube.com/watch?v=GZbU3zvTTG8,The Sarenne (Alpe d’Huez 2019) in 4k skiing over 100 KPH. longest black run in Europe.,430
Gm-y9idWZQg,https://www.youtube.com/watch?v=Gm-y9idWZQg,SKI CARVING SKIING - PASSO SAN PELLEGRINO - HEAD WORLCUP REBELS I.SL 2019,46
I0MwjHb29KU,https://www.youtube.com/watch?v=I0MwjHb29KU,Sun Peaks Carving WIDE OPEN RUNS - Tom Gellie,210
IruFEimgx3g,https://www.youtube.com/watch?v=IruFEimgx3g,GoPro: Nate Wallace Powder Dreams,102
JlpeSha0BDI,https://www.youtube.com/watch?v=JlpeSha0BDI,"Ted Ligety Carving Follow Cam | Deer Valley, UT (Spring 2017)",30
KIwzvfAZh44,https://www.youtube.com/watch?v=KIwzvfAZh44,Skiing Cliffs And Powder At My Local Resort,443
KXk_MaQ2n_Y,https://www.youtube.com/watch?v=KXk_MaQ2n_Y,"GoPro Powder Skiing | Whistler, British Columbia | SZM",188
OodUU-a08lU,https://www.youtube.com/watch?v=OodUU-a08lU,[4K] CARVING IN THE DOLOMITES 🇮🇹 | CAMPITELLO DI FASSA | FOLLOW CAM,138
Pk76pCQkf3A,https://www.youtube.com/watch?v=Pk76pCQkf3A,gocarv.com Hintertux Glacier Carving Session | POV + Follow Cam I Bartek Tyrpa,79
RKUJ9G1hkKE,https://www.youtube.com/watch?v=RKUJ9G1hkKE,Alpen Follow Cam SL,182
RYZzLm8hOXQ,https://www.youtube.com/watch?v=RYZzLm8hOXQ,"High-Speed Carving Chaos! Follow Cam on 188cm GS Skis, Epic Recovery on St. Anton's Black Slope!",37
SQbGOBbIZLE,https://www.youtube.com/watch?v=SQbGOBbIZLE,GoPro Snow: Powder Vibes in Austria,75
TCIigZhBU6k,https://www.youtube.com/watch?v=TCIigZhBU6k,Dodging Trees on the Backside of Mammoth Mountain: GoPro Skiing POV [ 4K ],107
TU0_i9cfwDg,https://www.youtube.com/watch?v=TU0_i9cfwDg,Ben Richards GoPro Ski Men Winning Run | Allianz FIS Freeride World Championships Andorra 2026,122
Ue9rXbMUIeE,https://www.youtube.com/watch?v=Ue9rXbMUIeE,THE ART OF CARVING I HEAD SKI I PASSO SAN PELLEGRINO | 4K I BARTEK TYRPA I SKI CARVING,118
Ulq3zy_hjwA,https://www.youtube.com/watch?v=Ulq3zy_hjwA,Marcus Goguen Ski Men GoPro POV Winning Run I 2024 YETI Xtreme Verbier,144
V8phA3waUt4,https://www.youtube.com/watch?v=V8phA3waUt4,SKI CARVING SKIING 2021 COMPILATION  HEAD SKI FOLLOW CAM HD,174
VYuTJBg8mbw,https://www.youtube.com/watch?v=VYuTJBg8mbw,"Slalom ski course training, 360 camera view with Leona",104
Vp2P4Lhza8A,https://www.youtube.com/watch?v=Vp2P4Lhza8A,Powder Skiing Chamonix | Gopro POV Skiing runs | Full Sends,485
Z6dnlbFWofg,https://www.youtube.com/watch?v=Z6dnlbFWofg,Tight Trees and Fresh Powder at grouse mountain,367
g0FMrjsYAzc,https://www.youtube.com/watch?v=g0FMrjsYAzc,GoPro: Tanner Hall Ski Diaries 2,319
h4zyUjQbJ5I,https://www.youtube.com/watch?v=h4zyUjQbJ5I,GoPro: Powder Lines in Japan,78
iGPe_ETHjI8,https://www.youtube.com/watch?v=iGPe_ETHjI8,Carving progression sessions #1 Jamie (follow cam),77
oGpw9CtWXa8,https://www.youtube.com/watch?v=oGpw9CtWXa8,Best GoPro Ski Run Ever,36
pZ47hgdhRxw,https://www.youtube.com/watch?v=pZ47hgdhRxw,CARVING FUN,132
rfYUzMRa1yQ,https://www.youtube.com/watch?v=rfYUzMRa1yQ,GoPro: Freeskiing with the Faction Collective in Switzerland,131
vjHk7YGV9qA,https://www.youtube.com/watch?v=vjHk7YGV9qA,Best Lines of Nikolai Schirmer's Ski Season | GoPro POV,701
w7r5klAp_P0,https://www.youtube.com/watch?v=w7r5klAp_P0,22 INCHES OF POWDER | SKIING POV | ALTA UTAH,130
wsv_sYw2tyk,https://www.youtube.com/watch?v=wsv_sYw2tyk,A Tribute to Winter - Follow Cam Powder Skiing in the Alps - @GoPro Hero 8,146
x9nSS5raJBM,https://www.youtube.com/watch?v=x9nSS5raJBM,GoPro Ski: You Call The Tricks with Bobby Brown,189
